--
-- Script was generated by Devart dbForge Data Generator for SQL Server, Version 4.2.76.0
-- Product Home Page: http://www.devart.com/dbforge/sql/data-generator/
-- Script date 16/01/2021 21:33:53
-- Target server version: 14.00.1000
-- Target connection string: Data Source=MSI\SQLEXPRESS;Encrypt=False;Initial Catalog=restauDb2021;Integrated Security=True;User ID=MSI\Marion
--



SET LANGUAGE 'French'
SET DATEFORMAT ymd
SET ARITHABORT, ANSI_PADDING, ANSI_WARNINGS, CONCAT_NULL_YIELDS_NULL, QUOTED_IDENTIFIER, ANSI_NULLS, NOCOUNT ON
SET NUMERIC_ROUNDABORT, IMPLICIT_TRANSACTIONS, XACT_ABORT OFF
GO

--
-- Backing up database restauDb2021
--
--
-- Create backup folder
--
IF OBJECT_ID('xp_create_subdir') IS NOT NULL
  EXEC xp_create_subdir N'C:\Program Files\Microsoft SQL Server\MSSQL14.SQLEXPRESS\MSSQL\Backup'
--
-- Backup database to the file with the name: <database_name>_<yyyy>_<mm>_<dd>_<hh>_<mi>.bak
--
DECLARE @db_name SYSNAME
SET @db_name = N'restauDb2021'

DECLARE @filepath NVARCHAR(4000)
SET @filepath =
/*define base part*/ N'C:\Program Files\Microsoft SQL Server\MSSQL14.SQLEXPRESS\MSSQL\Backup\' + @db_name + '_' +
/*append date*/ REPLACE(CONVERT(NVARCHAR(10), GETDATE(), 102), '.', '_') + '_' +
/*append time*/ REPLACE(CONVERT(NVARCHAR(5), GETDATE(), 108), ':', '_') + '.bak'

DECLARE @SQL NVARCHAR(MAX)
SET @SQL = 
    N'BACKUP DATABASE ' + QUOTENAME(@db_name) + ' TO DISK = @filepath WITH INIT' + 
      CASE WHEN EXISTS(
                SELECT value
                FROM sys.configurations
                WHERE name = 'backup compression default'
          )
        THEN ', COMPRESSION'
        ELSE ''
      END

EXEC sys.sp_executesql @SQL, N'@filepath NVARCHAR(4000)', @filepath = @filepath
GO

USE restauDb2021
GO

IF DB_NAME() <> N'restauDb2021' SET NOEXEC ON
GO
--
-- Delete data from the table 'dbo.Grades'
--
TRUNCATE TABLE dbo.Grades
GO
--
-- Delete data from the table 'dbo.Addresses'
--
TRUNCATE TABLE dbo.Addresses
GO
--
-- Delete data from the table 'dbo.Restaurants'
--
DELETE dbo.Restaurants
GO

--
-- Inserting data into table dbo.Restaurants
--
INSERT dbo.Restaurants(ID, Name, PhoneNumber, Description, Mail) VALUES ('2675c932-8f17-48df-91fb-d0460a2e36ef', N'City Semiconductor Corp.', 94532575, N'Dolore dolorum possimus quidem earum. Explicabo quibusdam sed earum mollitia. Delectus pariatur autem eum dolorem; culpa vero voluptatem rerum ad.
', N'Hoyt256@example.com')
INSERT dbo.Restaurants(ID, Name, PhoneNumber, Description, Mail) VALUES ('62adcaf5-166a-478a-9a56-b2606db90adc', N'First Z-Mobile Inc.', 71143243, N'Et quod unde omnis autem. Quo ipsa quas dolorem in! Amet maxime sed laborum odit; asperiores ab sapiente et minus.
', N'Tenney99@nowhere.com')
INSERT dbo.Restaurants(ID, Name, PhoneNumber, Description, Mail) VALUES ('b49d4511-3dce-4ac2-90f9-fa9312064037', N'Global R-Mobile Inc.', 3962320, N'Facere sed qui et debitis. Aut voluptatem vel harum maxime! Odit enim accusantium expedita est; aperiam eos placeat eum qui.
', N'Clarice_Gist@nowhere.com')
INSERT dbo.Restaurants(ID, Name, PhoneNumber, Description, Mail) VALUES ('679796c9-4dab-4004-b4a3-f50a7b2fcb85', N'Australian Cars Battery Corp.', 54205397, N'Ipsam aliquam non eligendi in. Non at repellat esse mollitia. Perferendis quod vero cum ab. Ullam ipsa maxime ut soluta.
', N'ndku26@example.com')
INSERT dbo.Restaurants(ID, Name, PhoneNumber, Description, Mail) VALUES ('89966c19-8365-498d-bbe0-295120f57da9', N'Home Space Research Co.', 29866583, N'Obcaecati praesentium at voluptas voluptatibus; doloribus eum debitis praesentium voluptas. Voluptas pariatur iste cumque sit! Harum sunt voluptatem eum.
', N'JeramyFuchs812@example.com')
INSERT dbo.Restaurants(ID, Name, PhoneNumber, Description, Mail) VALUES ('d6aab5b8-98a6-4af2-b315-c1a22c11e428', N'East Space Explore Inc.', 79508384, N'Voluptas explicabo aut ea ut.
Dolor culpa praesentium facilis modi; velit et omnis enim modi. Ea suscipit expedita debitis tempore;', N'tjjwgfeq_xpryds@example.com')
INSERT dbo.Restaurants(ID, Name, PhoneNumber, Description, Mail) VALUES ('635d98f8-14a3-4f49-bb11-b406a6a50812', N'Smart B-Mobile Co.', 93540588, N'Quis aut beatae voluptatem ea. Expedita omnis error expedita dolorem. Nihil facilis quia ratione rem; et officia aut unde a.', N'Curt.MBooth@example.com')
INSERT dbo.Restaurants(ID, Name, PhoneNumber, Description, Mail) VALUES ('21773e12-b4bf-4c35-a8be-c80c37544c01', N'Australian B-Mobile Corporation', 76106288, N'Dolores eligendi molestiae alias voluptas. Rerum quo aperiam omnis soluta. Id omnis ipsum officia omnis. Delectus explicabo voluptas neque voluptatibus.', N'HoskinsQ@example.com')
INSERT dbo.Restaurants(ID, Name, PhoneNumber, Description, Mail) VALUES ('e459a105-957f-48d7-9a73-bffabf47d003', N'North Space Explore Corp.', 23259584, N'Libero illo rerum dolorem delectus. Itaque nulla architecto enim et. Commodi repellat culpa totam dolorem; est quibusdam corrupti deleniti sapiente.', N'Colley968@example.com')
INSERT dbo.Restaurants(ID, Name, PhoneNumber, Description, Mail) VALUES ('1091c22d-9184-4573-b8b0-b122869daa81', N'WorldWide Media Corp.', 61415670, N'Aliquam consectetur fugit facilis natus sit nihil accusamus, quia voluptates nihil. Aliquid et ullam rerum ipsa; possimus nesciunt accusamus unde eligendi.', N'Belton@nowhere.com')
INSERT dbo.Restaurants(ID, Name, PhoneNumber, Description, Mail) VALUES ('2f126060-4ae7-4aa3-866b-1ba76971f439', N'South Media Corporation', 76315370, N'Et tempora dicta ab natus. Dolor labore dolor in eos. Dolores architecto sequi optio rem. Iste et inventore aperiam neque.
', N'Larue@example.com')
INSERT dbo.Restaurants(ID, Name, PhoneNumber, Description, Mail) VALUES ('6bfb38c9-fe62-4c60-827e-3760b9fd01db', N'Flexible 2D Electronic Inc.', 89112504, N'Modi itaque deserunt corrupti non. Accusantium nesciunt repudiandae et minima. Non itaque unde odio at. Omnis placeat modi est itaque.
', N'BradlyCLittleton@nowhere.com')
INSERT dbo.Restaurants(ID, Name, PhoneNumber, Description, Mail) VALUES ('961a9b0d-432c-47ae-8010-c0bd0ae72ab3', N'Future Financial Experts Group', 51203202, N'Quisquam voluptatibus dolore voluptatibus accusantium. Ea doloribus ipsa neque sed. Ducimus labore asperiores itaque quia. Numquam quam minus suscipit quo.', N'CorneliusBarraza@example.com')
INSERT dbo.Restaurants(ID, Name, PhoneNumber, Description, Mail) VALUES ('14cd6fa6-bf8d-486e-9cb9-13ce66d24907', N'International Delivery Inc.', 65053814, N'Ea doloribus sed qui ad; quidem iusto quis rem optio. Quisquam similique expedita iusto tenetur! Quos accusamus quia cum quas.
', N'Tammie_Tatum@nowhere.com')
INSERT dbo.Restaurants(ID, Name, PhoneNumber, Description, Mail) VALUES ('276f0df7-06ac-4354-96b3-e2538a116b81', N'Domestic E-Mobile Corporation', 46971021, N'Nulla aut est illo repellendus. Assumenda quasi maiores aut cupiditate! Et illo animi officiis voluptate. Soluta vel voluptates tempore doloribus.
', N'PrinceFrey89@example.com')
GO

--
-- Inserting data into table dbo.Addresses
--
INSERT dbo.Addresses(ID, Street, ZipCode, City, RestaurantId) VALUES ('8464896e-b348-457a-9a68-2331e3244bfd', N'3902 NW Highland Dr', N'08474', N'Adamsville', '2675c932-8f17-48df-91fb-d0460a2e36ef')
INSERT dbo.Addresses(ID, Street, ZipCode, City, RestaurantId) VALUES ('d7da9ecf-926a-4f0f-b682-0ab3d49e6866', N'942 Pine Tree Ct', N'88838', N'Oakland', '62adcaf5-166a-478a-9a56-b2606db90adc')
INSERT dbo.Addresses(ID, Street, ZipCode, City, RestaurantId) VALUES ('d693e44b-2c2c-47d9-9722-229eb708fb63', N'3118 1st Loop', N'64268', N'Harrison', 'b49d4511-3dce-4ac2-90f9-fa9312064037')
INSERT dbo.Addresses(ID, Street, ZipCode, City, RestaurantId) VALUES ('35be69e9-7d52-43f6-a8b2-b8124156993c', N'2626 West Sharp Hill Hwy', N'81405', N'Graham', '679796c9-4dab-4004-b4a3-f50a7b2fcb85')
INSERT dbo.Addresses(ID, Street, ZipCode, City, RestaurantId) VALUES ('419a2a3d-1ca4-4a37-8e50-b44a7d34b1fa', N'931 Bayview Rd', N'41060', N'Gibsonville', '89966c19-8365-498d-bbe0-295120f57da9')
INSERT dbo.Addresses(ID, Street, ZipCode, City, RestaurantId) VALUES ('ff57cf22-efa3-4f97-9852-d8e57a39da0c', N'34 NW Rockwood Highway', N'39238', N'Daytona Beach Shores', 'd6aab5b8-98a6-4af2-b315-c1a22c11e428')
INSERT dbo.Addresses(ID, Street, ZipCode, City, RestaurantId) VALUES ('dd78c19f-515f-410d-b737-410de2d06254', N'617 Waterview Avenue', N'50797', N'Bedford', '635d98f8-14a3-4f49-bb11-b406a6a50812')
INSERT dbo.Addresses(ID, Street, ZipCode, City, RestaurantId) VALUES ('de12b4b1-b54a-45fb-a9d4-3ed20dc0c402', N'796 New Church Loop', N'91546', N'Bethlehem', '21773e12-b4bf-4c35-a8be-c80c37544c01')
INSERT dbo.Addresses(ID, Street, ZipCode, City, RestaurantId) VALUES ('7d9ee3dd-3a48-416f-b1fd-0482ff7ae764', N'922 Town Blvd', N'37670', N'Holly', 'e459a105-957f-48d7-9a73-bffabf47d003')
INSERT dbo.Addresses(ID, Street, ZipCode, City, RestaurantId) VALUES ('d437a676-b692-4258-be7a-420b05aef1b5', N'2390 54th Parkway', N'43495', N'Kenmore', '1091c22d-9184-4573-b8b0-b122869daa81')
INSERT dbo.Addresses(ID, Street, ZipCode, City, RestaurantId) VALUES ('b7a473ad-eed4-4786-92e2-42102d7a0c18', N'254 Rockwood Court', N'88313', N'Butte-Silver Bow', '2f126060-4ae7-4aa3-866b-1ba76971f439')
INSERT dbo.Addresses(ID, Street, ZipCode, City, RestaurantId) VALUES ('87b78f10-4c62-47a8-8174-099dcfa49dee', N'2815 Deepwood Court', N'53708', N'Woods Cross', '6bfb38c9-fe62-4c60-827e-3760b9fd01db')
INSERT dbo.Addresses(ID, Street, ZipCode, City, RestaurantId) VALUES ('53af4ec1-a9d9-4a59-bb66-1fd014bd27ca', N'1253 Mount Circle', N'30617', N'Minot', '961a9b0d-432c-47ae-8010-c0bd0ae72ab3')
INSERT dbo.Addresses(ID, Street, ZipCode, City, RestaurantId) VALUES ('1a1f1ec5-5d13-43e7-bed4-be3d936dd319', N'2446 Quailwood Ave', N'25968', N'Bellefontaine Neighbors', '14cd6fa6-bf8d-486e-9cb9-13ce66d24907')
INSERT dbo.Addresses(ID, Street, ZipCode, City, RestaurantId) VALUES ('19de382e-4eea-498f-9a13-b6dd6b42ea32', N'2911 1st Ct', N'04508', N'Hazel Park', '276f0df7-06ac-4354-96b3-e2538a116b81')
GO

--
-- Inserting data into table dbo.Grades
--
INSERT dbo.Grades(ID, LastVisit, Comment, Score, RestaurantId) VALUES ('bbf1abb9-89b5-4c12-8a32-b135b6ee6113', '2021-01-01 00:00:01.0000000', N'Ab repellat placeat aut est ut quis repellat distinctio consequatur. Eos nostrum provident expedita exercitationem illum aliquid non et illum! Voluptatem.
', 0, '2675c932-8f17-48df-91fb-d0460a2e36ef')
INSERT dbo.Grades(ID, LastVisit, Comment, Score, RestaurantId) VALUES ('58404802-1ebb-4bf1-a962-c786250b942e', '2021-01-02 00:00:01.7770000', N'Expedita rem velit voluptatem provident nam id nobis mollitia consequatur; dolorem velit eaque aut, vel dolores ipsum est repellat qui. Est vitae, in et.
', 1, '62adcaf5-166a-478a-9a56-b2606db90adc')
INSERT dbo.Grades(ID, LastVisit, Comment, Score, RestaurantId) VALUES ('246e354c-121f-4fcf-a6ab-cbb15471775b', '2021-01-03 00:00:01.6630000', N'Quia deleniti ad molestiae, sint non omnis aliquid eveniet molestias. At accusantium totam, asperiores dignissimos minus aut consequatur quae nostrum.
', 2, 'b49d4511-3dce-4ac2-90f9-fa9312064037')
INSERT dbo.Grades(ID, LastVisit, Comment, Score, RestaurantId) VALUES ('2a141a69-8a40-4335-bc6f-4cb4e462975a', '2021-01-04 00:00:01.8670000', N'Qui rerum libero qui quia, blanditiis suscipit quibusdam atque ea. Impedit soluta dolores maxime qui necessitatibus velit beatae eum hic.
Et velit nobis vel.', 3, '679796c9-4dab-4004-b4a3-f50a7b2fcb85')
INSERT dbo.Grades(ID, LastVisit, Comment, Score, RestaurantId) VALUES ('3bdf2e66-fbc6-4d24-b60e-55e67f0c8f03', '2021-01-05 00:00:01.5340000', N'Recusandae molestiae nulla perferendis tempore nisi architecto unde laudantium autem. Saepe sunt quo dolor et ut non placeat a ex! Repudiandae quidem.', 4, '89966c19-8365-498d-bbe0-295120f57da9')
INSERT dbo.Grades(ID, LastVisit, Comment, Score, RestaurantId) VALUES ('121201e0-8d46-44d5-b6ff-500a1e765dc4', '2021-01-06 00:00:01.6930000', N'Sapiente explicabo et odio incidunt autem placeat eum sunt iste. Obcaecati iure optio repellat est dignissimos nihil at libero harum. Alias veritatis dolore.', 5, 'd6aab5b8-98a6-4af2-b315-c1a22c11e428')
INSERT dbo.Grades(ID, LastVisit, Comment, Score, RestaurantId) VALUES ('b02db175-4791-4c4a-b59b-4d497409c33a', '2021-01-07 00:00:01.0040000', N'Sint nostrum eum at quas ut quia saepe iure exercitationem. Eveniet quam exercitationem fuga recusandae maxime id dolor sit deserunt! Architecto nisi,.
', 6, '635d98f8-14a3-4f49-bb11-b406a6a50812')
INSERT dbo.Grades(ID, LastVisit, Comment, Score, RestaurantId) VALUES ('003ce66b-b5a3-4857-8813-78a37c1c8146', '2021-01-08 00:00:01.1530000', N'Aut rem recusandae at molestias harum, vero molestiae voluptas vero. Facilis totam aut non nesciunt totam, officia nemo aspernatur enim! Quo similique maiores.', 7, '21773e12-b4bf-4c35-a8be-c80c37544c01')
INSERT dbo.Grades(ID, LastVisit, Comment, Score, RestaurantId) VALUES ('6c9de2f4-8b2d-4fba-8a19-0b840ba41ef2', '2021-01-09 00:00:01.2620000', N'Non voluptatem quisquam accusamus quae et eum quae impedit vero. Quam voluptatem consequatur earum dolor voluptates voluptatem magnam, et assumenda!
Ad;
', 8, 'e459a105-957f-48d7-9a73-bffabf47d003')
INSERT dbo.Grades(ID, LastVisit, Comment, Score, RestaurantId) VALUES ('ba5397fd-2770-4e10-8eee-669aed31dd40', '2021-01-10 00:00:01.6030000', N'Officiis ea, aperiam adipisci dolorum architecto eum maiores sunt reprehenderit. Nisi molestias veritatis eaque est tempore vero amet sed voluptas. Nisi;
', 9, '1091c22d-9184-4573-b8b0-b122869daa81')
INSERT dbo.Grades(ID, LastVisit, Comment, Score, RestaurantId) VALUES ('e29ea3ca-09bd-4f89-869a-88c3709ef321', '2021-01-11 00:00:01.0660000', N'Maiores ea totam iure facere dolore placeat sit non maxime. Quibusdam omnis tempora enim, aut tempora omnis asperiores saepe quaerat. Laudantium dolor.
', 10, '2f126060-4ae7-4aa3-866b-1ba76971f439')
GO

--
-- Set NOEXEC to off
--

SET NOEXEC OFF
GO